Top,中文名称,其他名称,是否可播放,导演,主演,发布年份,发布国家,电影类型,电影评分,评价人数,引言
1,肖申克的救赎,  月黑高飞(港)    刺激1995(台),未知,"导演:,弗兰克·德拉邦特,Frank,Darabont","主演:,蒂姆·罗宾斯,Tim,Robbins,/...",1994,美国,"剧情,犯罪",9.7,3335814人评价,希望让人自由。
2,霸王别姬,  再见，我的妾    Farewell My Concubine,可播放,"导演:,陈凯歌,Kaige,Chen","主演:,张国荣,Leslie,Cheung,/,张丰毅,Fengyi,Zha...",1993,"中国香港,中国大陆","同性,爱情,剧情",9.6,2451882人评价,风华绝代。
3,泰坦尼克号,  铁达尼号(港  台),可播放,"导演:,詹姆斯·卡梅隆,James,Cameron","主演:,莱昂纳多·迪卡普里奥,Leonardo...",1997,美国,"灾难,爱情,剧情",9.5,2529225人评价,失去的才是永恒的。 
4,阿甘正传,  福雷斯特·冈普,可播放,"导演:,罗伯特·泽米吉斯,Robert,Zemeckis","主演:,汤姆·汉克斯,Tom,Hanks,/,...",1994,美国,"爱情,剧情",9.5,2456602人评价,一部美国近现代史。
5,千与千寻,  神隐少女(台)    千与千寻的神隐,未知,"导演:,宫崎骏,Hayao,Miyazaki","主演:,柊瑠美,Rumi,Hîragi,/,入野自由,Miy...",2001,日本,"奇幻,动画,剧情",9.4,2568049人评价,最好的宫崎骏，最好的久石让。 
6,星际穿越,  星际启示录(港)    星际效应(台),可播放,"导演:,克里斯托弗·诺兰,Christopher,Nolan","主演:,马修·麦康纳,Matthew,Mc...",2014,"加拿大,英国,美国","冒险,科幻,剧情",9.4,2223788人评价,爱是一种力量，让我们超越时空感知它的存在。
7,美丽人生,  一个快乐的传说(港)    Life Is Beautiful,可播放,"导演:,罗伯托·贝尼尼,Roberto,Benigni","主演:,罗伯托·贝尼尼,Roberto,Beni...",1997,意大利,"战争,爱情,喜剧,剧情",9.5,1497927人评价,最美的谎言。
8,这个杀手不太冷,  终极追杀令(台)    杀手莱昂,可播放,"导演:,吕克·贝松,Luc,Besson","主演:,让·雷诺,Jean,Reno,/,娜塔莉·波特曼,...",1994,"美国,法国","犯罪,动作,剧情",9.4,2576166人评价,怪蜀黍和小萝莉不得不说的故事。
9,盗梦空间,  潜行凶间(港)    全面启动(台),可播放,"导演:,克里斯托弗·诺兰,Christopher,Nolan","主演:,莱昂纳多·迪卡普里奥,Le...",2010,"英国,美国","冒险,悬疑,科幻,剧情",9.4,2355747人评价,诺兰给了我们一场无法盗取的梦。
10,楚门的世界,  真人Show(港)    真人戏,可播放,"导演:,彼得·威尔,Peter,Weir","主演:,金·凯瑞,Jim,Carrey,/,劳拉·琳妮,Lau...",1998,美国,"科幻,剧情",9.4,2049389人评价,如果再也不能见到你，祝你早安，午安，晚安。
11,辛德勒的名单,  舒特拉的名单(港)    辛德勒名单,可播放,"导演:,史蒂文·斯皮尔伯格,Steven,Spielberg","主演:,连姆·尼森,Liam,Neeson...",1993,美国,"战争,历史,剧情",9.5,1260073人评价,拯救一个人，就是拯救整个世界。
12,忠犬八公的故事,  秋田犬八千(港)    忠犬小八(台),未知,"导演:,莱塞·霍尔斯道姆,Lasse,Hallström","主演:,理查·基尔,Richard,Ger...",2009,"英国,美国",剧情,9.4,1558278人评价,永远都不能忘记你所爱的人。
13,海上钢琴师,  声光伴我飞(港)    一九零零的传奇,可播放,"导演:,朱塞佩·托纳多雷,Giuseppe,Tornatore","主演:,蒂姆·罗斯,Tim,Roth,/,...",1998,意大利,"音乐,剧情",9.3,1899365人评价,每个人都要走一条自己坚定了的路，就算是粉身碎骨。 
14,疯狂动物城,  优兽大都会(港)    动物方城市(台),可播放,"导演:,拜伦·霍华德,Byron,Howard,/,瑞奇·摩尔,Rich,Moore","主演:,金妮弗·...",2016,美国,"冒险,动画,喜剧",9.3,2355001人评价,迪士尼给我们营造的乌托邦就是这样，永远善良勇敢，永远出乎意料。
15,三傻大闹宝莱坞,  三个傻瓜(台)    作死不离3兄弟(港),可播放,"导演:,拉库马·希拉尼,Rajkumar,Hirani","主演:,阿米尔·汗,Aamir,Khan,/,卡...",2009,印度,"歌舞,爱情,喜剧,剧情",9.2,2101094人评价,英俊版憨豆，高情商版谢耳朵。
16,机器人总动员,  太空奇兵·威E(港)    瓦力(台),可播放,"导演:,安德鲁·斯坦顿,Andrew,Stanton","主演:,本·贝尔特,Ben,Burtt,/,艾丽...",2008,美国,"冒险,动画,科幻",9.3,1522082人评价,小瓦力，大人生。
17,放牛班的春天,  歌声伴我心(港)    唱诗班男孩,可播放,"导演:,克里斯托夫·巴拉蒂,Christophe,Barratier","主演:,让-巴蒂斯特·莫尼...",2004,"德国,瑞士,法国","音乐,剧情",9.3,1490347人评价,天籁一般的童声，是最接近上帝的存在。 
18,无间道,  Infernal Affairs    Mou gaan dou,可播放,"导演:,刘伟强,/,麦兆辉","主演:,刘德华,Andy,Lau,/,梁朝伟,Tony,Leung,Chiu,W...",2002,中国香港,"惊悚,犯罪,剧情",9.3,1586000人评价,香港电影史上永不过时的杰作。
19,控方证人,  雄才伟略    情妇,可播放,"导演:,比利·怀尔德,Billy,Wilder","主演:,泰隆·鲍华,Tyrone,Power,/,玛琳·...",1957,美国,"惊悚,悬疑,犯罪,剧情",9.6,760905人评价,比利·怀德满分作品。
20,寻梦环游记,  玩转极乐园(港)    可可夜总会(台),可播放,"导演:,李·昂克里奇,Lee,Unkrich,/,阿德里安·莫利纳,Adrian,Molina","主演:,...",2017,美国,"音乐,奇幻,动画,喜剧",9.1,2023685人评价,死亡不是真的逝去，遗忘才是永恒的消亡。
21,大话西游之大圣娶亲,  西游记完结篇仙履奇缘    齐天大圣西游记,可播放,"导演:,刘镇伟,Jeffrey,Lau","主演:,周星驰,Stephen,Chow,/,吴孟达,Man,Tat,Ng...",1995,"中国大陆,中国香港","古装,奇幻,爱情,喜剧",9.2,1729390人评价,一生所爱。
22,熔炉,  无声呐喊(港)    漩涡,未知,"导演:,黄东赫,Dong-hyuk,Hwang","主演:,孔侑,Yoo,Gong,/,郑有美,Yu-mi,Jung,/...",2011,韩国,剧情,9.3,1045852人评价,我们一路奋战不是为了改变世界，而是为了不让世界改变我们。
23,触不可及,  闪亮人生(港)    逆转人生(台),可播放,导演数据异常,主演数据异常,发布年份数据异常,国家数据异常,电影类型数据异常,9.3,1313278人评价,满满温情的高雅喜剧。
24,教父,  Mario Puzo's The Godfather,可播放,"导演:,弗朗西斯·福特·科波拉,Francis,Ford,Coppola","主演:,马龙·白兰度,M...",1972,美国,"犯罪,剧情",9.3,1122215人评价,千万不要记恨你的对手，这样会让你失去理智。
25,哈利·波特与魔法石,  哈利波特1：神秘的魔法石(港  台) ,可播放,"导演:,Chris,Columbus","主演:,Daniel,Radcliffe,/,Emma,Watson,/,Rupert,Grint",2001,"英国,美国","冒险,奇幻",9.2,1445318人评价,童话世界的开端。
26,末代皇帝,  末代皇帝溥仪(港)    L'ultimo imperatore,可播放,"导演:,贝纳尔多·贝托鲁奇,Bernardo,Bertolucci","主演:,尊龙,John,Lone,/,陈...",1987,"法国,中国大陆,意大利,英国","历史,传记,剧情",9.3,1042922人评价,“不要跟我比惨，我比你更惨”再适合这部电影不过了。
27,当幸福来敲门,  寻找快乐的故事(港)    追求快乐,可播放,"导演:,加布里尔·穆奇诺,Gabriele,Muccino","主演:,威尔·史密斯,Will,Smith,...",2006,美国,"家庭,传记,剧情",9.1,1705721人评价,平民励志片。 
28,龙猫,  邻居托托罗    邻家的豆豆龙,可播放,"导演:,宫崎骏,Hayao,Miyazaki","主演:,日高法子,Noriko,Hidaka,/,坂本千夏,Ch...",1988,日本,"冒险,奇幻,动画",9.2,1426600人评价,人人心中都有个龙猫，童年就永远不会消失。
29,活着,  人生    Lifetimes,未知,"导演:,张艺谋,Yimou,Zhang","主演:,葛优,You,Ge,/,巩俐,Li,Gong,/,姜武,Wu,Jiang",1994,"中国香港,中国大陆","家庭,历史,剧情",9.3,983345人评价,张艺谋最好的电影。
30,怦然心动,  萌动青春    青春萌动,可播放,"导演:,罗伯·莱纳,Rob,Reiner","主演:,玛德琳·卡罗尔,Madeline,Carroll,/,卡...",2010,美国,"爱情,喜剧,剧情",9.1,2073373人评价,真正的幸福是来自内心深处。
31,蝙蝠侠：黑暗骑士,  蝙蝠侠前传2：黑暗骑士    黑暗骑士(台),可播放,"导演:,克里斯托弗·诺兰,Christopher,Nolan","主演:,克里斯蒂安·贝尔,Christ...",2008,"英国,美国","惊悚,犯罪,科幻,动作,剧情",9.2,1211389人评价,无尽的黑暗。
32,指环王3：王者无敌,  魔戒三部曲：王者再临(台  港) ,可播放,"导演:,彼得·杰克逊,Peter,Jackson","主演:,伊利亚·伍德,Elijah,Wood,/,西恩...",2003,"新西兰,美国","冒险,奇幻,动作,剧情",9.3,922958人评价,史诗的终章。
33,我不是药神,  中国药神    印度药神,可播放,"导演:,文牧野,Muye,Wen","主演:,徐峥,Zheng,Xu,/,王传君,Chuanjun,Wang,/,周...",2018,中国大陆,"喜剧,剧情",9.0,2379450人评价,对我们国家而言，这样的电影多一部是一部。
34,乱世佳人,  飘,可播放,"导演:,维克多·弗莱明,Victor,Fleming,/,乔治·库克,George,Cukor","主演:,费...",1939,美国,"战争,爱情,历史,剧情",9.3,807537人评价,Tomorrow is another day.
35,让子弹飞,  让子弹飞一会儿    火烧云,可播放,"导演:,姜文,Wen,Jiang","主演:,姜文,Wen,Jiang,/,葛优,You,Ge,/,周润发,Yun-F...",2010,"中国香港,中国大陆","西部,动作,喜剧,剧情",9.0,1941538人评价,你给我翻译翻译，神马叫做TMD的惊喜。
36,飞屋环游记,  冲天救兵(港)    天外奇迹(台),可播放,"导演:,彼特·道格特,Pete,Docter,/,鲍勃·彼德森,Bob,Peterson","主演:,爱德...",2009,美国,"冒险,动画,喜剧,剧情",9.1,1520226人评价,最后那些最无聊的事情，才是最值得怀念的。 
37,哈尔的移动城堡,  哈尔移动城堡(港)    霍尔的移动城堡(台),可播放,"导演:,宫崎骏,Hayao,Miyazaki","主演:,倍赏千惠子,Chieko,Baishô,/,木村拓...",2004,日本,"冒险,奇幻,动画,爱情",9.1,1312407人评价,带着心爱的人在天空飞翔。
38,十二怒汉,  12怒汉    十二怒汉,可播放,"导演:,西德尼·吕美特,Sidney,Lumet","主演:,亨利·方达,Henry,Fonda,/,马丁...",1957,美国,剧情,9.4,588443人评价,1957年的理想主义。 
39,海蒂和爷爷,  飘零燕(港)    海蒂,可播放,"导演:,阿兰·葛斯彭纳,Alain,Gsponer","主演:,阿努克·斯特芬,Anuk,Steffen,/...",2015,"瑞士,德国","家庭,冒险,剧情",9.3,800579人评价,如果生活中有什么使你感到快乐，那就去做吧！不要管别人说什么。
40,素媛,  许愿    希望：为爱重生(台),未知,"导演:,李濬益,Jun-ik,Lee","主演:,薛景求,Kyung-gu,Sol,/,严志媛,Ji-won,Uhm,...",2013,韩国,剧情,9.3,785505人评价,受过伤害的人总是笑得最开心，因为他们不愿意让身边的人承受一样的痛苦。
41,猫鼠游戏,  逍遥法外    捉智双雄(港),可播放,"导演:,史蒂文·斯皮尔伯格,Steven,Spielberg","主演:,莱昂纳多·迪卡普里奥,L...",2002,"加拿大,美国","剧情,犯罪,传记",9.1,1229923人评价,骗子大师和执著警探的你追我跑故事。 
42,天空之城,  天空之城拉普他    空中城堡拉普他,可播放,"导演:,宫崎骏,Hayao,Miyazaki","主演:,田中真弓,Mayumi,Tanaka,/,横泽启子,Ke...",1986,日本,"冒险,奇幻,动画",9.2,1021243人评价,对天空的追逐，永不停止。 
43,鬼子来了,  Devils on the Doorstep,未知,"导演:,姜文,Wen,Jiang","主演:,姜文,Wen,Jiang,/,香川照之,Teruyuki,Kagawa,/...",2000,中国大陆,"喜剧,剧情",9.3,725501人评价,对敌人的仁慈，就是对自己残忍。
44,摔跤吧！爸爸,  我和我的冠军女儿(台)    打死不离3父女(港),可播放,"导演:,涅提·蒂瓦里,Nitesh,Tiwari","主演:,阿米尔·汗,Aamir,Khan,/,法缇玛...",2016,印度,"家庭,运动,传记,剧情",9.0,1766363人评价,你不是在为你一个人战斗，你要让千千万万的女性看到女生并不是只能相夫教子。
45,少年派的奇幻漂流,  少年Pi的奇幻漂流    漂流少年Pi,可播放,"导演:,李安,Ang,Lee","主演:,苏拉·沙玛,Suraj,Sharma,/,伊尔凡·可汗,Irrfan...",2012,"加拿大,英国,中国台湾,美国","冒险,奇幻,剧情",9.1,1504748人评价,瑰丽壮观、无人能及的冒险之旅。
46,死亡诗社,  暴雨骄阳(港)    春风化雨(台),可播放,"导演:,彼得·威尔,Peter,Weir","主演:,罗宾·威廉姆斯,Robin,Williams,/,罗伯...",1989,美国,剧情,9.2,899643人评价,当一个死水般的体制内出现一个活跃的变数时，所有的腐臭都站在了光明的对面。
47,钢琴家,  钢琴战曲(港)    战地琴人(台),可播放,"导演:,罗曼·波兰斯基,Roman,Polanski","主演:,艾德里安·布洛迪,Adrien,Brod...",2002,"美国,德国,波兰,法国,英国","音乐,战争,传记,剧情",9.3,760433人评价,暂无引言
48,指环王2：双塔奇兵,  魔戒二部曲：双城奇谋    指环王II：双塔,可播放,"导演:,彼得·杰克逊,Peter,Jackson","主演:,伊利亚·伍德,Elijah,Wood,/,西恩...",2002,"新西兰,美国","冒险,奇幻,动作,剧情",9.2,869658人评价,承前启后的史诗篇章。
49,大话西游之月光宝盒,  西游记101回月光宝盒    齐天大圣东游记,可播放,"导演:,刘镇伟,Jeffrey,Lau","主演:,周星驰,Stephen,Chow,/,吴孟达,Man,Tat,Ng...",1995,"中国大陆,中国香港","古装,奇幻,爱情,喜剧",9.0,1383678人评价,暂无引言
50,绿皮书,  绿簿旅友(港)    幸福绿皮书(台),可播放,"导演:,彼得·法雷里,Peter,Farrelly","主演:,维果·莫腾森,Viggo,Mortensen,/...",2018,"中国大陆,美国","音乐,传记,喜剧,剧情",8.9,1918350人评价,去除成见，需要勇气。
51,何以为家,  迦百农    星仔打官司(港),可播放,"导演:,娜丁·拉巴基,Nadine,Labaki","主演:,扎因·拉费阿,Zain,al-Rafeea,/,...",2018,"英国,卡塔尔,塞浦路斯,法国,美国,黎巴嫩",剧情,9.1,1173587人评价,凝视卑弱生命，用电影改变命运。
52,闻香识女人,  女人香    女人的芳香,可播放,"导演:,马丁·布莱斯,Martin,Brest","主演:,阿尔·帕西诺,Al,Pacino,/,克里斯...",1992,美国,剧情,9.1,1035882人评价,暂无引言
53,大闹天宫,  大闹天宫 上下集    The Monkey King,可播放,"导演:,万籁鸣,Laiming,Wan","主演:,邱岳峰,Yuefeng,Qiu,/,富润生,Runsheng,Fu...,1961(中国大陆),/,1964(中国大陆),/",1978(中国大陆),中国大陆,"古装,奇幻,动画,剧情",9.4,517697人评价,暂无引言
54,黑客帝国,  22世纪杀人网络(港)    廿二世纪杀人网络(港),可播放,导演数据异常,主演数据异常,发布年份数据异常,国家数据异常,电影类型数据异常,9.1,964390人评价,暂无引言
55,指环王1：护戒使者,  指环王1：魔戒再现    指环王I：护戒使者,可播放,"导演:,彼得·杰克逊,Peter,Jackson","主演:,伊利亚·伍德,Elijah,Wood,/,西恩...",2001,"英国,美国,新西兰","冒险,奇幻,动作,剧情",9.1,973851人评价,暂无引言
56,罗马假日,  金枝玉叶(港)    罗马假期(台),可播放,"导演:,威廉·惠勒,William,Wyler","主演:,奥黛丽·赫本,Audrey,Hepburn,/,格...",1953,美国,"爱情,剧情,喜剧",9.1,1058772人评价,暂无引言
57,教父2,  教父续集(港)    教父II,可播放,"导演:,弗朗西斯·福特·科波拉,Francis,Ford,Coppola","主演:,阿尔·帕西诺,A...",1974,美国,"犯罪,剧情",9.3,650375人评价,暂无引言
58,狮子王,  狮子王3D,可播放,"导演:,Roger,Allers,/,罗伯·明可夫,Rob,Minkoff","主演:,乔纳森·泰勒·托马...",1994,美国,"歌舞,冒险,动画",9.1,973602人评价,暂无引言
59,天堂电影院,  星光伴我心(港)    新天堂乐园(台),可播放,"导演:,朱塞佩·托纳多雷,Giuseppe,Tornatore","主演:,菲利普·努瓦雷,Philipp...",1988,"法国,意大利","爱情,剧情",9.2,749691人评价,暂无引言
60,饮食男女,  Eat Drink Man Woman,未知,"导演:,李安,Ang,Lee","主演:,郎雄,Sihung,Lung,/,杨贵媚,Kuei-Mei,Yang,/,吴...",1994,"美国,中国台湾","家庭,剧情",9.2,738269人评价,暂无引言
61,辩护人,  逆权大状(港)    正义辩护人(台),可播放,"导演:,杨宇硕,Woo-seok,Yang","主演:,宋康昊,Kang-ho,Song,/,金英爱,Yeong-ae...",2013,韩国,剧情,9.2,664083人评价,电影的现实意义大过电影本身。
62,本杰明·巴顿奇事,  奇幻逆缘(港)    班杰明的奇幻旅程(台),可播放,"导演:,大卫·芬奇,David,Fincher","主演:,布拉德·皮特,Brad,Pitt,/,凯特·布...",2008,美国,"奇幻,爱情,剧情",9.0,1118010人评价,在时间之河里感受溺水之苦。
63,搏击俱乐部,  搏击会(港)    斗阵俱乐部(台),可播放,"导演:,大卫·芬奇,David,Fincher","主演:,爱德华·诺顿,Edward,Norton,/,布拉...",1999,美国,"惊悚,悬疑,动作,剧情",9.0,992192人评价,暂无引言
64,美丽心灵,  有你终生美丽(港)    美丽境界(台),可播放,"导演:,朗·霍华德,Ron,Howard","主演:,罗素·克劳,Russell,Crowe,/,艾德·哈...",2001,美国,"剧情,传记",9.1,861561人评价,暂无引言
65,穿条纹睡衣的男孩,  穿条纹衣服的男孩    穿条纹衣的男孩,可播放,"导演:,马克·赫尔曼,Mark,Herman","主演:,阿萨·巴特菲尔德,Asa,Butterfield,...",2008,"美国,英国","战争,剧情",9.2,649682人评价,尽管有些不切实际的幻想，这部电影依旧是一部感人肺腑的佳作。
66,哈利·波特与死亡圣器(下),  哈利波特7：死神的圣物2(港  台) ,可播放,"导演:,大卫·叶茨,David,Yates","主演:,丹尼尔·雷德克里夫,Daniel,Radcliffe...",2011,"英国,美国","冒险,奇幻",9.0,984948人评价,10年的完美句点。
67,功夫,  功夫3D    Kung Fu Hustle,可播放,"导演:,周星驰,Stephen,Chow","主演:,周星驰,Stephen,Chow,/,元秋,Qiu,Yuen,/,...",2004,"中国香港,中国大陆","奇幻,犯罪,喜剧,动作",8.9,1364223人评价,警恶惩奸，维护世界和平这个任务就交给你了，好吗？
68,两杆大烟枪,  够姜四小强(港)    两根枪管(台),可播放,"导演:,盖·里奇,Guy,Ritchie","主演:,杰森·弗莱明,Jason,Flemyng,/,德克斯特...",1998,英国,"犯罪,喜剧,剧情",9.1,687603人评价,暂无引言
69,情书,  When I Close My Eyes    Letters of Love,可播放,"导演:,岩井俊二,Shunji,Iwai","主演:,中山美穗,Miho,Nakayama,/,丰川悦司,Ets...",1995,日本,"爱情,剧情",8.9,1344175人评价,暂无引言
70,音乐之声,  仙乐飘飘处处闻(港)    真善美(台),可播放,"导演:,罗伯特·怀斯,Robert,Wise","主演:,朱莉·安德鲁斯,Julie,Andrews,/,克...",1965,美国,"歌舞,爱情,传记,剧情",9.1,693517人评价,暂无引言
71,窃听风暴,  窃听者(港)    他人的生活,可播放,导演数据异常,主演数据异常,发布年份数据异常,国家数据异常,电影类型数据异常,9.2,639406人评价,别样人生。
72,哈利·波特与阿兹卡班的囚徒,  哈利波特3：阿兹卡班的逃犯(港  台) ,可播放,"导演:,阿方索·卡隆,Alfonso,Cuarón","主演:,丹尼尔·雷德克里夫,Daniel,Rad...",2004,"美国,英国","冒险,奇幻",9.0,906356人评价,不一样的导演，不一样的哈利·波特。
73,阿凡达,  ,可播放,"导演:,詹姆斯·卡梅隆,James,Cameron","主演:,萨姆·沃辛顿,Sam,Worthington,...",2009,美国,"冒险,科幻,动作",8.8,1602993人评价,绝对意义上的美轮美奂。
74,西西里的美丽传说,  真爱伴我行(台)    玛莲娜,可播放,"导演:,朱塞佩·托纳多雷,Giuseppe,Tornatore","主演:,莫妮卡·贝鲁奇,Monica,...",2000,"美国,意大利","情色,战争,剧情",8.9,1105118人评价,暂无引言
75,看不见的客人,  死无对证(港)    布局(台),可播放,"导演:,奥里奥尔·保罗,Oriol,Paulo","主演:,马里奥·卡萨斯,Mario,Casas,/,阿...",2016,西班牙,"惊悚,悬疑,犯罪,剧情",8.8,1459147人评价,你以为你以为的就是你以为的。
76,拯救大兵瑞恩,  雷霆救兵(港)    抢救雷恩大兵(台),可播放,"导演:,史蒂文·斯皮尔伯格,Steven,Spielberg","主演:,汤姆·汉克斯,Tom,Hanks...",1998,美国,"战争,剧情",9.1,736783人评价,暂无引言
77,沉默的羔羊,  沉默的羔羊,可播放,"导演:,乔纳森·戴米,Jonathan,Demme","主演:,朱迪·福斯特,Jodie,Foster,/,安...",1991,美国,"惊悚,犯罪,剧情",8.9,1030050人评价,暂无引言
78,小鞋子,  天堂的孩子    小童鞋,可播放,"导演:,马基德·马基迪,Majid,Majidi","主演:,默罕默德·阿米尔·纳吉,Mohamma...",1997,伊朗,"家庭,儿童,剧情",9.2,474355人评价,暂无引言
79,蝴蝶效应,  蝴蝶效应,可播放,导演数据异常,主演数据异常,发布年份数据异常,国家数据异常,电影类型数据异常,8.9,1083929人评价,人的命运被自己瞬间的抉择改变。
80,还有明天,  明天还有梦(港)    我们还有明天(台),可播放,"导演:,宝拉·柯特莱西,Paola,Cortellesi","主演:,宝拉·柯特莱西,Paola,Corte...",2023,意大利,"历史,喜剧,剧情",9.3,389333人评价,暂无引言
81,布达佩斯大饭店,  布达佩斯大酒店(港)    欢迎来到布达佩斯大饭店(台),可播放,"导演:,韦斯·安德森,Wes,Anderson","主演:,拉尔夫·费因斯,Ralph,Fiennes,/,...",2014,"英国,德国,美国","冒险,喜剧,剧情",8.9,1100498人评价,小清新的故事里注入了大历史的情怀。
82,飞越疯人院,  飞越杜鹃窝(台)    飞越喜鹊巢,未知,"导演:,米洛斯·福尔曼,Miloš,Forman","主演:,杰克·尼科尔森,Jack,Nichols...",1975,美国,剧情,9.1,612069人评价,暂无引言
83,禁闭岛,  不赦岛(港)    隔离岛(台),可播放,"导演:,Martin,Scorsese","主演:,莱昂纳多·迪卡普里奥,Leonardo,DiCaprio,/,...",2010,美国,"惊悚,悬疑,剧情",8.9,1130469人评价,昔日翩翩少年，今日大腹便便。
84,心灵捕手,  骄阳似我(港)    心灵捕手,可播放,"导演:,格斯·范·桑特,Gus,Van,Sant","主演:,马特·达蒙,Matt,Damon,/,罗宾·...",1997,美国,剧情,9.0,827007人评价,暂无引言
85,致命魔术,  死亡魔法(港)    顶尖对决(台),可播放,"导演:,克里斯托弗·诺兰,Christopher,Nolan","主演:,休·杰克曼,Hugh,Jackman...",2006,"美国,英国","惊悚,悬疑,剧情",8.9,979495人评价,孪生蝙蝠侠大战克隆金刚狼。
86,低俗小说,  危险人物(港)    黑色追缉令(台),可播放,"导演:,昆汀·塔伦蒂诺,Quentin,Tarantino","主演:,约翰·特拉沃尔塔,John,Tra...",1994,美国,"犯罪,喜剧,剧情",8.9,974065人评价,暂无引言
87,哈利·波特与密室,  哈利波特2：消失的密室(港  台) ,可播放,"导演:,Chris,Columbus","主演:,丹尼尔·雷德克里夫,Daniel,Radcliffe,/,艾玛...",2002,"美国,英国","冒险,奇幻",8.9,933405人评价,暂无引言
88,一一,  Yi yi    Yi yi: A One and a Two,未知,"导演:,杨德昌,Edward,Yang","主演:,吴念真,/,李凯莉,Kelly,Lee,/,金燕玲,Elai...",2000,"日本,中国台湾","家庭,爱情,剧情",9.1,527289人评价,暂无引言
89,超脱,  人间师格(台),可播放,"导演:,托尼·凯耶,Tony,Kaye","主演:,艾德里安·布洛迪,Adrien,Brody,/,马西...",2011,美国,剧情,9.0,734957人评价,穷尽一生，我们要学会的，不过是彼此拥抱。
90,喜剧之王,  King of Comedy,可播放,"导演:,周星驰,Stephen,Chow,/,李力持,Lik-Chi,Lee","主演:,周星驰,Stephen,Ch...",1999,中国香港,"爱情,剧情,喜剧",8.8,1114659人评价,暂无引言
91,致命ID,  杀人游戏    致命身份,可播放,"导演:,詹姆斯·曼高德,James,Mangold","主演:,约翰·库萨克,John,Cusack,/,雷...",2003,美国,"惊悚,悬疑,剧情",8.9,967345人评价,暂无引言
92,杀人回忆,  谋杀回忆    杀手回忆录,可播放,"导演:,奉俊昊,Joon-ho,Bong","主演:,宋康昊,Kang-ho,Song,/,金相庆,Sang-kyun...",2003,韩国,"惊悚,悬疑,犯罪,动作,剧情",8.9,851718人评价,暂无引言
93,摩登时代,  The Masses    Les Temps modernes,可播放,"导演:,查理·卓别林,Charles,Chaplin","主演:,查理·卓别林,Charles,Chaplin,...",1936,美国,"爱情,喜剧,剧情",9.3,352806人评价,暂无引言
94,加勒比海盗,  加勒比海盗1：黑珍珠号的诅咒    神鬼奇航：鬼盗船魔咒(台),可播放,"导演:,戈尔·维宾斯基,Gore,Verbinski","主演:,约翰尼·德普,Johnny,Depp,/,...",2003,美国,"奇幻,冒险,动作",8.9,983914人评价,暂无引言
95,春光乍泄,  一起快乐    Happy Together,未知,"导演:,王家卫,Kar,Wai,Wong","主演:,张国荣,Leslie,Cheung,/,梁朝伟,Tony,Leu...",1997,"韩国,日本,中国香港","同性,爱情,剧情",9.0,717824人评价,暂无引言
96,海豚湾,  血色海湾(台)    海湾,可播放,"导演:,路易·西霍尤斯,Louie,Psihoyos","主演:,路易·西霍尤斯,Louie,Psihoyo...",2009,美国,纪录片,9.3,385414人评价,海豚的微笑，是世界上最高明的伪装。
97,美国往事,  四海兄弟(台)    义薄云天(港),可播放,"导演:,赛尔乔·莱翁内,Sergio,Leone","主演:,罗伯特·德尼罗,Robert,De,Niro,...",1984,"意大利,美国","剧情,犯罪",9.1,479295人评价,暂无引言
98,七宗罪,  火线追缉令(台)    7宗罪,可播放,"导演:,大卫·芬奇,David,Fincher","主演:,摩根·弗里曼,Morgan,Freeman,/,布...",1995,美国,"惊悚,悬疑,犯罪,剧情",8.8,1080033人评价,暂无引言
99,红辣椒,  盗梦侦探(港  台) ,可播放,"导演:,今敏,Satoshi,Kon","主演:,林原惠美,Megumi,Hayashibara,/,江守彻,Toru...",2006,日本,"惊悚,科幻,悬疑,动画",9.0,582426人评价,梦的勾结。
100,唐伯虎点秋香,  Flirting Scholar,可播放,"导演:,李力持,Lik-Chi,Lee","主演:,周星驰,Stephen,Chow,/,巩俐,Li,Gong,/,陈...",1993,中国香港,"古装,爱情,喜剧",8.8,1244220人评价,暂无引言
101,狩猎,  诬网(港)    谎言的烙印(台),可播放,"导演:,托马斯·温特伯格,Thomas,Vinterberg","主演:,麦斯·米科尔森,Mads,Mik...",2012,"瑞典,丹麦",剧情,9.1,480044人评价,人言可畏。
102,幽灵公主,  魔法公主    幽灵少女,未知,"导演:,宫崎骏,Hayao,Miyazaki","主演:,松田洋治,Yôji,Matsuda,/,石田百合...",1997,日本,"冒险,奇幻,动画",8.9,680608人评价,暂无引言
103,寄生虫,  寄生上流(台)    上流寄生族(港),未知,"导演:,奉俊昊,Joon-ho,Bong","主演:,宋康昊,Kang-ho,Song,/,李善均,Seon-gyun...",2019,韩国,剧情,8.8,1568932人评价,暂无引言
104,甜蜜蜜,  Comrades: Almost a Love Story,可播放,"导演:,陈可辛,Peter,Chan","主演:,黎明,Leon,Lai,/,张曼玉,Maggie,Cheung,/,...",1996,中国香港,"爱情,剧情",8.9,685665人评价,暂无引言
105,蝙蝠侠：黑暗骑士崛起,  蝙蝠侠前传3：黑暗骑士崛起    黑暗骑士：黎明升起(台),可播放,"导演:,克里斯托弗·诺兰,Christopher,Nolan","主演:,克里斯蒂安·贝尔,Christ...",2012,"英国,美国","惊悚,犯罪,科幻,动作,剧情",8.9,829812人评价,诺兰就是保证。
106,天书奇谭,  天书奇谭4K纪念版    The Legend of Sealed Book,可播放,"导演:,王树忱,Shuchen,Wang,/,钱运达,Yunda,Qian","主演:,丁建华,Jianhua,Din...,1983(中国大陆),/",2021,中国大陆,"奇幻,动画",9.2,343601人评价,暂无引言
107,超能陆战队,  大英雄联盟(港)    大英雄天团(台),可播放,"导演:,唐·霍尔,Don,Hall,/,克里斯·威廉姆斯,Chris,Williams","主演:,斯科特...",2014,美国,"冒险,动画,科幻,动作,喜剧",8.8,1163278人评价,Balalala~~~
108,茶馆,  The Teahouse,可播放,"导演:,谢添,Tian,Xie","主演:,于是之,Shizhi,Yu,/,郑榕,Rong,Zhen,/,蓝天野,T...",1982(中国大陆),中国大陆,"历史,剧情",9.5,217388人评价,暂无引言
109,第六感,  鬼眼(港)    灵异第六感(台),可播放,"导演:,M·奈特·沙马兰,M.,Night,Shyamalan","主演:,布鲁斯·威利斯,Bruce,Wi...",1999,美国,"惊悚,悬疑,剧情",8.9,650612人评价,暂无引言
110,7号房的礼物,  戆爸的礼物(港)    7号囚房的礼物,可播放,"导演:,李焕庆,Hwan-kyeong,Lee","主演:,柳承龙,Seung-yong,Ryoo,/,朴信惠,Shi...",2013,韩国,"家庭,喜剧,剧情",8.9,630127人评价,《我是山姆》的《美丽人生》。
111,爱在日落黄昏时,  日落巴黎(港)    爱在日落巴黎时(台),可播放,"导演:,理查德·林克莱特,Richard,Linklater","主演:,伊桑·霍克,Ethan,Hawke,...",2004,"法国,美国","爱情,剧情",8.9,667568人评价,九年后的重逢是世俗和责任的交叠，没了悸动和青涩，沧桑而温暖。
112,爱在黎明破晓前,  情留半天(港)    爱在黎明破晓时(台),可播放,"导演:,理查德·林克莱特,Richard,Linklater","主演:,伊桑·霍克,Ethan,Hawke,...",1995,"瑞士,奥地利,美国","爱情,剧情",8.8,817790人评价,暂无引言
113,头脑特工队,  玩转脑朋友(港)    脑筋急转弯(台),可播放,导演数据异常,主演数据异常,发布年份数据异常,国家数据异常,电影类型数据异常,8.9,824664人评价,愿我们都不用长大，每一座城堡都能永远存在。
114,哈利·波特与火焰杯,  哈利波特4：火杯的考验(港  台) ,可播放,"导演:,迈克·内威尔,Mike,Newell","主演:,丹尼尔·雷德克里夫,Daniel,Radclif...",2005,"美国,英国","冒险,奇幻,悬疑",8.8,818383人评价,暂无引言
115,未麻的部屋,  蓝色恐惧(港  台) ,未知,"导演:,今敏,Satoshi,Kon","主演:,岩男润子,Junko,Iwao,/,松本梨香,Rica,Matsu...",1997,日本,"惊悚,悬疑,动画,犯罪,剧情",9.1,435152人评价,暂无引言
116,被嫌弃的松子的一生,  花样奇缘(港)    令人讨厌的松子的一生(台),可播放,"导演:,中岛哲也,Tetsuya,Nakashima","主演:,中谷美纪,Miki,Nakatani,/,瑛太,E...",2006,日本,"歌舞,剧情",8.8,783522人评价,以戏谑来戏谑戏谑。
117,重庆森林,  Chungking Express,未知,"导演:,王家卫,Kar,Wai,Wong","主演:,林青霞,Brigitte,Lin,/,金城武,Takeshi,K...",1994,中国香港,"爱情,剧情",8.8,935907人评价,暂无引言
118,借东西的小人阿莉埃蒂,  借物少女艾莉缇(台)    借东西的小矮人亚莉亚蒂(港),未知,"导演:,米林宏昌,Hiromasa,Yonebayashi","主演:,志田未来,Mirai,Shida,/,神木...",2010,日本,"冒险,奇幻,动画",8.9,637692人评价,曾经的那段美好会沉淀为一辈子的记忆。
119,菊次郎的夏天,  菊次郎之夏    Kikujirô no natsu,可播放,"导演:,北野武,Takeshi,Kitano","主演:,北野武,Takeshi,Kitano,/,关口雄介,Yus...",1999,日本,"喜剧,剧情",8.9,684368人评价,暂无引言
120,入殓师,  礼仪师之奏鸣曲(港)    礼仪师(台),可播放,"导演:,泷田洋二郎,Yôjirô,Takita","主演:,本木雅弘,Masahiro,Motoki,/,...",2008,日本,剧情,8.9,750517人评价,死可能是一道门，逝去并不是终结，而是超越，走向下一程。
121,断背山,  断臂山    BBM,可播放,"导演:,李安,Ang,Lee","主演:,希斯·莱杰,Heath,Ledger,/,杰克·吉伦哈尔,Jake...",2005,"加拿大,美国","家庭,同性,爱情,剧情",8.8,794289人评价,每个人心中都有一座断背山。
122,剪刀手爱德华,  幻海奇缘(港)    剪刀手爱德华,可播放,"导演:,蒂姆·波顿,Tim,Burton","主演:,约翰尼·德普,Johnny,Depp,/,薇诺娜·...",1990,美国,"奇幻,爱情,剧情",8.7,1131675人评价,暂无引言
123,勇敢的心,  惊世未了缘(港)    梅尔吉勃逊之英雄本色(台),可播放,"导演:,梅尔·吉布森,Mel,Gibson","主演:,梅尔·吉布森,Mel,Gibson,/,苏菲·玛...",1995,美国,"战争,历史,剧情,传记,动作",8.9,612088人评价,暂无引言
124,时空恋旅人,  回到最爱的一天(港)    真爱每一天(台),可播放,"导演:,理查德·柯蒂斯,Richard,Curtis","主演:,多姆纳尔·格里森,Domhnall,Gl...",2013,"美国,英国","奇幻,爱情,喜剧",8.8,808931人评价,把每天当作最后一天般珍惜度过，积极拥抱生活，就是幸福。
125,玩具总动员3,  反斗奇兵3(港)    玩具的故事3,可播放,"导演:,李·昂克里奇,Lee,Unkrich","主演:,汤姆·汉克斯,Tom,Hanks,/,蒂姆·艾...",2010,美国,"冒险,奇幻,动画,喜剧",8.9,611467人评价,跨度十五年的欢乐与泪水。
126,傲慢与偏见,  傲慢与偏见2005    Pride And Prejudice,可播放,"导演:,乔·怀特,Joe,Wright","主演:,凯拉·奈特莉,Keira,Knightley,/,马修·...",2005,"美国,英国,法国","爱情,剧情",8.7,957753人评价,爱是摈弃傲慢与偏见之后的曙光。
127,驯龙高手,  驯龙记(港),可播放,导演数据异常,主演数据异常,发布年份数据异常,国家数据异常,电影类型数据异常,8.8,880823人评价,和谐的生活离不开摸头与被摸头。
128,消失的爱人,  失踪的女孩    失踪女孩,可播放,"导演:,大卫·芬奇,David,Fincher","主演:,本·阿弗莱克,Ben,Affleck,/,罗莎蒙...",2014,美国,"惊悚,悬疑,犯罪,剧情",8.7,1088530人评价,年度最佳date movie。
129,新世界,  暗黑新世界(台)    New World,可播放,"导演:,朴勋政,Hoon-jung,Park","主演:,李政宰,Jung-Jae,Lee,/,崔岷植,Min-sik...",2013,韩国,"犯罪,剧情",8.9,539462人评价,要做就做得狠一点，这样才能活下去。
130,无人知晓,  谁知赤子心(港)    无人知晓的夏日清晨(台),可播放,"导演:,是枝裕和,Hirokazu,Koreeda","主演:,柳乐优弥,Yûya,Yagira,/,北浦爱...",2004,日本,剧情,9.1,379232人评价,我的平常生活就是他人的幸福。
131,倩女幽魂,  倩女幽魂(87版)    倩女幽魂：妖魔道,可播放,"导演:,程小东,Siu-Tung,Ching","主演:,张国荣,Leslie,Cheung,/,王祖贤,Joey,W...",1987,中国香港,"古装,武侠,奇幻,爱情",8.8,846625人评价,暂无引言
132,花样年华,  花样年华导演特别版    花样年华4K修复版,可播放,"导演:,王家卫,Kar,Wai,Wong","主演:,张曼玉,Maggie,Cheung,/,梁朝伟,Tony,Leu...",2000,中国香港,"爱情,剧情",8.8,821515人评价,暂无引言
133,一个叫欧维的男人决定去死,  明天别再来敲门(台)    想死冇咁易(港),可播放,"导演:,汉内斯·赫尔姆,Hannes,Holm","主演:,罗夫·拉斯加德,Rolf,Lassgård...",2015,瑞典,剧情,8.9,580890人评价,惠及一生的美丽。
134,色，戒,  色|戒    色·戒,未知,"导演:,李安,Ang,Lee","主演:,梁朝伟,Tony,Leung,Chiu,Wai,/,汤唯,Wei,Tang,/,...",2007,"中国香港,美国,中国大陆,中国台湾","情色,爱情,剧情",8.7,980256人评价,假戏真情，爱欲深海
135,完美的世界,  强盗保镳,可播放,"导演:,克林特·伊斯特伍德,Clint,Eastwood","主演:,凯文·科斯特纳,Kevin,Cos...",1993,美国,"犯罪,剧情",9.1,366095人评价,暂无引言
136,怪兽电力公司,  怪兽公司(港)    怪物公司,可播放,"导演:,彼特·道格特,Pete,Docter,/,大卫·斯沃曼,David,Silverman","主演:,约...",2001,美国,"冒险,奇幻,动画,喜剧,儿童",8.8,783617人评价,暂无引言
137,教父3,  教父第三集    教父 III,可播放,"导演:,弗朗西斯·福特·科波拉,Francis,Ford,Coppola","主演:,阿尔·帕西诺,A...",1990,美国,"犯罪,剧情",9.0,441004人评价,暂无引言
138,九品芝麻官,  九品芝麻官之白面包青天    Hail the Judge,可播放,"导演:,王晶,Jing,Wong","主演:,周星驰,Stephen,Chow,/,吴孟达,Man,Tat,Ng,/,...",1994,中国香港,"古装,喜剧,剧情",8.8,811560人评价,暂无引言
139,小森林 夏秋篇,  小森食光  夏秋篇(台) ,可播放,"导演:,森淳一,Junichi,Mori","主演:,桥本爱,Ai,Hashimoto,/,三浦贵大,Takahir...",2014,日本,剧情,9.0,480664人评价,那些静得只能听见呼吸的日子里，你明白孤独即生活。
140,天使爱美丽,  艾蜜莉的异想世界(台)    天使艾米莉,可播放,"导演:,让-皮埃尔·热内,Jean-Pierre,Jeunet","主演:,奥黛丽·塔图,Audrey,Tau...",2001,"德国,法国","爱情,喜剧,剧情",8.7,1030465人评价,暂无引言
141,阳光灿烂的日子,  In the Heat of the Sun,未知,"导演:,姜文,Wen,Jiang","主演:,夏雨,Yu,Xia,/,宁静,Jing,Ning,/,陶虹,Hong,Tao",1994,"中国香港,中国大陆","爱情,剧情",8.8,705523人评价,暂无引言
142,哪吒闹海,  Prince Nezha's Triumph Against Dragon King    Nezha Conquers the Dragon King,可播放,"导演:,王树忱,Shuchen,Wang,/,严定宪,Dingxian,Yan","主演:,梁正晖,Zhenghui,...",1979,中国大陆,"奇幻,动画,冒险",9.2,314241人评价,暂无引言
143,侧耳倾听,  心之谷(台)    梦幻街少女(港),未知,"导演:,近藤喜文,Yoshifumi,Kondo","主演:,本名阳子,Youko,Honna,/,小林桂树,K...",1995,日本,"动画,爱情,剧情",8.9,528079人评价,暂无引言
144,被解救的姜戈,  被解放的姜戈    决杀令(台),可播放,"导演:,昆汀·塔伦蒂诺,Quentin,Tarantino","主演:,杰米·福克斯,Jamie,Foxx,/...",2012,美国,"冒险,西部,动作,剧情",8.8,705676人评价,热血沸腾，那个低俗、性感的无耻混蛋又来了。
145,幸福终点站,  机场客运站(港)    航站情缘(台),可播放,"导演:,史蒂文·斯皮尔伯格,Steven,Spielberg","主演:,汤姆·汉克斯,Tom,Hanks...",2004,美国,"爱情,剧情,喜剧",8.8,652085人评价,有时候幸福需要等一等。 
146,请以你的名字呼唤我,  以你的名字呼唤我(港  台) ,未知,"导演:,卢卡·瓜达尼诺,Luca,Guadagnino","主演:,艾米·汉莫,Armie,Hammer,/,...",2017,"美国,巴西,法国,意大利","同性,爱情,剧情",8.8,839031人评价,沉醉在电影的情感和视听氛围中无法自拔。
147,釜山行,  尸杀列车(港)    尸速列车(台),可播放,"导演:,延尚昊,Sang-ho,Yeon","主演:,孔刘,Yoo,Gong,/,郑有美,Yu-mi,Jung,/,马...",2016,韩国,"灾难,惊悚,动作",8.6,1371291人评价,揭露人性的丧尸题材力作。
148,神偷奶爸,  卑鄙的我    坏蛋奖门人(港),可播放,"导演:,皮艾尔·柯芬,Pierre,Coffin,/,克里斯·雷纳德,Chris,Renaud","主演:,...",2010,"法国,美国","冒险,动画,喜剧",8.7,1062235人评价,Mr. I Don't Care其实也有Care的时候。
149,小森林 冬春篇,  小森食光  冬春篇(台) ,可播放,"导演:,森淳一,Junichi,Mori","主演:,桥本爱,Ai,Hashimoto,/,三浦贵大,Takahir...",2015,日本,剧情,9.0,426444人评价,尊敬他人，尊敬你生活的这片土地，明白孤独是人生的常态。
150,喜宴,  The Wedding Banquet,未知,"导演:,李安,Ang,Lee","主演:,赵文瑄,Winston,Chao,/,归亚蕾,Ya-lei,Kuei,/,郎...",1993,"美国,中国台湾","家庭,同性,爱情,喜剧,剧情",9.0,441846人评价,暂无引言
151,萤火之森,  萤火之社    Hotarubi no mori e,可播放,"导演:,大森贵弘,Takahiro,Omori","主演:,佐仓绫音,Ayane,Sakura,/,内山昂辉,K...",2011,日本,"奇幻,动画,爱情,剧情",8.8,622641人评价,触不到的恋人。
152,告白,  自白    母亲,未知,"导演:,中岛哲也,Tetsuya,Nakashima","主演:,松隆子,Takako,Matsu,/,冈田将生,...",2010,日本,"悬疑,剧情",8.8,754378人评价,没有一人完全善，也没有一人完全恶。
153,机器人之梦,  再见机器人(台)    汪汪梦里人(港),可播放,"导演:,巴勃罗·贝格尔,Pablo,Berger","主演:,伊万·拉班达,Ivan,Labanda",2023,"法国,西班牙","音乐,动画,剧情",9.1,464535人评价,暂无引言
154,七武士,  七侠四义(港)    七剑客(港),可播放,"导演:,黑泽明,Akira,Kurosawa","主演:,三船敏郎,Toshirô,Mifune,/,志村乔,...",1954,日本,"剧情,冒险,动作",9.3,241247人评价,暂无引言
155,头号玩家,  玩家一号    挑战者1号(港),可播放,"导演:,史蒂文·斯皮尔伯格,Steven,Spielberg","主演:,泰伊·谢里丹,Tye,Sheri...",2018,美国,"冒险,科幻,动作",8.6,1538635人评价,写给影迷，动漫迷和游戏迷的一封情书。
156,玛丽和麦克斯,  玛丽和马克思    巧克力情缘(台),可播放,"导演:,亚当·艾略特,Adam,Elliot","主演:,托妮·科莱特,Toni,Collette,/,菲利...",2009,"美国,澳大利亚","动画,喜剧,剧情",9.0,477375人评价,你是我最好的朋友，你是我唯一的朋友 。
157,模仿游戏,  解码游戏(港)    模拟游戏,可播放,"导演:,莫滕·泰杜姆,Morten,Tyldum","主演:,本尼迪克特·康伯巴奇,Benedict,C...",2014,"美国,英国","同性,战争,传记,剧情",8.8,729849人评价,他给机器起名“克里斯托弗”，因为这是他初恋的名字。
158,惊魂记,  精神病患者    触目惊心(港),可播放,"导演:,阿尔弗雷德·希区柯克,Alfred,Hitchcock","主演:,安东尼·博金斯,Antho...",1960,美国,"恐怖,惊悚,悬疑",9.0,364898人评价,暂无引言
159,心灵奇旅,  灵魂奇遇记(港)    灵魂急转弯(台),可播放,"导演:,彼特·道格特,Pete,Docter,/,凯普·鲍尔斯,Kemp,Powers","主演:,杰米·...",2020,美国,"音乐,奇幻,动画",8.7,1163748人评价,暂无引言
160,大鱼,  大鱼奇缘(港)    大智若鱼(台),可播放,"导演:,蒂姆·波顿,Tim,Burton","主演:,伊万·麦克格雷格,Ewan,McGregor,/,阿...",2003,美国,"冒险,奇幻,爱情,剧情",8.8,635036人评价,暂无引言
161,背靠背，脸对脸,"  背对背，脸对脸    Back to Back, Face to Face",可播放,"导演:,黄建新,Jianxin,Huang,/,杨亚洲,Yazhou,Yang","主演:,牛振华,Zhenhua,N...",1994,"中国香港,中国大陆",剧情,9.4,186274人评价,暂无引言
162,你的名字。,  你的名字    君之名,可播放,"导演:,新海诚,Makoto,Shinkai","主演:,神木隆之介,Ryûnosuke,Kamiki,/,上...",2016,日本,"动画,爱情,剧情",8.5,1618706人评价,穿越错位的时空，仰望陨落的星辰，你没留下你的名字，我却无法忘记那句“我爱你”。
163,血战钢锯岭,  钢锯岭    钢铁英雄(台),可播放,"导演:,梅尔·吉布森,Mel,Gibson","主演:,安德鲁·加菲尔德,Andrew,Garfield,/...",2016,"美国,澳大利亚","战争,历史,传记,剧情",8.7,871572人评价,优秀的战争片不会美化战场，不会粉饰死亡，不会矮化敌人，不会无视常识，最重要的，不会宣扬战争。
164,射雕英雄传之东成西就,  东成西就    大英雄 (日本),可播放,"导演:,刘镇伟,Jeffrey,Lau","主演:,梁朝伟,Tony,Leung,Chiu,Wai,/,林青霞,Bri...",1993,中国香港,"古装,武侠,奇幻,喜剧",8.7,727838人评价,暂无引言
165,末路狂花,  塞尔玛与路易丝,未知,"导演:,雷德利·斯科特,Ridley,Scott","主演:,吉娜·戴维斯,Geena,Davis,/,苏...",1991,"法国,英国,美国","犯罪,喜剧,剧情",9.0,362028人评价,暂无引言
166,高山下的花环,  卫国军魂(港)    Wreaths at the Foot of the Mountain,可播放,"导演:,谢晋,Jin,Xie","主演:,吕晓禾,Xiaohe,Lü,/,唐国强,Guoqiang,Tang,/,何...,1984(中国大陆),/",1985,中国大陆,"战争,剧情",9.5,169128人评价,暂无引言
167,我是山姆,  不一样的爸爸(港)    他不笨，他是我爸爸(台),可播放,"导演:,杰茜·尼尔森,Jessie,Nelson","主演:,Sean,Penn,/,Dakota,Fanning,/,Mi...",2001,美国,"家庭,剧情",9.0,383140人评价,暂无引言
168,阳光姐妹淘,  阳光姊妹淘(港)    桑尼,未知,"导演:,姜炯哲,Hyeong-Cheol,Kang","主演:,沈恩京,Eun-kyung,Shim,/,闵孝琳,Hy...",2011,韩国,"喜剧,剧情",8.8,646467人评价,再多各自牛逼的时光，也比不上一起傻逼的岁月。 
169,黑客帝国3：矩阵革命,  22世纪杀人网络3：惊变世纪(港)    骇客任务完结篇：最后战役(台),可播放,导演数据异常,主演数据异常,发布年份数据异常,国家数据异常,电影类型数据异常,8.8,504984人评价,暂无引言
170,恐怖直播,  死亡“动”新闻(港)    恐怖攻击直播(台),可播放,"导演:,金秉祐,Byeong-woo,Kim","主演:,河正宇,Jung-woo,Ha,/,李璟荣,Kyeong-y...",2013,韩国,"悬疑,犯罪,剧情",8.7,738654人评价,恐怖分子的“秋菊打官司”。
171,谍影重重3,  叛谍追击3：最后通牒(港)    神鬼认证：最后通牒 (台),可播放,"导演:,保罗·格林格拉斯,Paul,Greengrass","主演:,马特·达蒙,Matt,Damon,/,...",2007,"英国,法国,德国,美国","惊悚,悬疑,动作",8.9,480263人评价,像吃了苏打饼一样干脆的电影。
172,小丑,  小丑起源电影：罗密欧    Romeo,未知,"导演:,托德·菲利普斯,Todd,Phillips","主演:,杰昆·菲尼克斯,Joaquin,Phoeni...",2019,"加拿大,美国","惊悚,犯罪,剧情",8.7,1138641人评价,暂无引言
173,无间道2,  无间道前传    Infernal Affairs II,可播放,"导演:,刘伟强,Andrew,Lau,/,麦兆辉,Alan,Mak","主演:,陈冠希,Edison,Chen,/,...",2003,中国香港,"惊悚,犯罪,剧情",8.8,580036人评价,暂无引言
174,三块广告牌,  广告牌杀人事件(港)    意外(台),可播放,"导演:,马丁·麦克唐纳,Martin,McDonagh","主演:,弗兰西斯·麦克多蒙德,France...",2017,"美国,英国","犯罪,剧情",8.7,933193人评价,怼天怼地，你走后，她与世界为敌。
175,电锯惊魂,  恐惧斗室(港)    夺魂锯(台),未知,"导演:,詹姆斯·温,James,Wan","主演:,雷·沃纳尔,Leigh,Whannell,/,加利·艾...",2004,美国,"恐怖,惊悚,悬疑",8.7,625212人评价,真相就在眼前。
176,达拉斯买家俱乐部,  续命枭雄(港)    药命俱乐部(台),可播放,"导演:,让-马克·瓦雷,Jean-Marc,Vallée","主演:,马修·麦康纳,Matthew,McCon...",2013,美国,"同性,传记,剧情",8.8,514072人评价,Jared Leto的腿比女人还美！
177,疯狂原始人,  古鲁家族(港  台) ,可播放,导演数据异常,主演数据异常,发布年份数据异常,国家数据异常,电影类型数据异常,8.7,933793人评价,老少皆宜，这就是好莱坞动画的魅力。
178,疯狂的石头,  Crazy Stone,可播放,"导演:,宁浩,Hao,Ning","主演:,郭涛,Tao,Guo,/,刘桦,Hua,Liu,/,连晋,Teddy,Lin",2006,"中国香港,中国大陆","犯罪,喜剧",8.6,941149人评价,中国版《两杆大烟枪》。
179,绿里奇迹,  绿色奇迹(台)    绿色英里,可播放,"导演:,弗兰克·德拉邦特,Frank,Darabont","主演:,汤姆·汉克斯,Tom,Hanks,/,...",1999,美国,"悬疑,奇幻,剧情,犯罪",8.9,396065人评价,暂无引言
180,爱在午夜降临前,  情约半生(港)    爱在午夜希腊时(台),可播放,"导演:,理查德·林克莱特,Richard,Linklater","主演:,伊桑·霍克,Ethan,Hawke,...",2013,"希腊,美国","爱情,剧情",8.8,485450人评价,所谓爱情，就是话唠一路，都不会心生腻烦，彼此嫌弃。
181,雨中曲,  万花嬉春(港  台) ,可播放,"导演:,斯坦利·多南,Stanley,Donen,/,吉恩·凯利,Gene,Kelly","主演:,吉恩·...",1952,美国,"爱情,歌舞,喜剧",9.1,275156人评价,暂无引言
182,2001太空漫游,  2001：星际漫游    2001：太空奥德赛,可播放,"导演:,斯坦利·库布里克,Stanley,Kubrick","主演:,凯尔·杜拉,Keir,Dullea,/,...",1968,"美国,英国","冒险,惊悚,科幻",8.9,407055人评价,暂无引言
183,海街日记,  海街女孩日记(港)    Kamakura Diary,可播放,"导演:,是枝裕和,Hirokazu,Koreeda","主演:,绫濑遥,Haruka,Ayase,/,长泽雅美,M...",2015,日本,"家庭,剧情",8.8,533325人评价,是枝裕和的家庭习作。
184,心迷宫,  殡棺    The Coffin in the Mountain,可播放,"导演:,忻钰坤,Yukun,Xin","主演:,霍卫民,Weimin,Huo,/,王笑天,Xiaotian,Wang,...",2014,中国大陆,"悬疑,犯罪,剧情",8.7,630078人评价,荒诞讽刺，千奇百巧，抽丝剥茧，百转千回。
185,上帝之城,  无主之城(港)    无法无天(台),未知,导演数据异常,主演数据异常,发布年份数据异常,国家数据异常,电影类型数据异常,9.0,338436人评价,暂无引言
186,风之谷,  风谷少女    Kaze no tani no Naushika,未知,"导演:,宫崎骏,Hayao,Miyazaki","主演:,岛本须美,Sumi,Shimamoto,/,松田洋治,Y...",1984,日本,"冒险,奇幻,动画",8.9,398887人评价,暂无引言
187,记忆碎片,  凶心人(港)    记忆拼图(台),可播放,"导演:,克里斯托弗·诺兰,Christopher,Nolan","主演:,盖·皮尔斯,Guy,Pearce,/...",2000,美国,"惊悚,悬疑,剧情,犯罪",8.7,721764人评价,暂无引言
188,英雄本色,  A Better Tomorrow    Gangland Boss,可播放,"导演:,吴宇森,John,Woo","主演:,周润发,Yun-Fat,Chow,/,狄龙,Lung,Ti,/,张国...",1986,中国香港,"犯罪,动作,剧情",8.6,615906人评价,暂无引言
189,纵横四海,  Once a Thief,可播放,"导演:,吴宇森,John,Woo","主演:,周润发,Yun-Fat,Chow,/,张国荣,Leslie,Cheung...",1991,中国香港,"犯罪,动作,喜剧,剧情",8.8,496361人评价,暂无引言
190,恐怖游轮,  汪洋血迷宮(台)    轮回三角,可播放,"导演:,克里斯托弗·史密斯,Christopher,Smith","主演:,梅利莎·乔治,Melissa,...",2009,"澳大利亚,英国","惊悚,奇幻,悬疑,科幻",8.5,1056620人评价,不要企图在重复中寻找已经失去的爱。
191,无敌破坏王,  破坏王拉尔夫    破坏王大冒险,可播放,"导演:,瑞奇·莫尔,Rich,Moore","主演:,约翰·C·赖利,John,C.,Reilly,/,萨拉...",2012,美国,"冒险,奇幻,动画,喜剧",8.7,622128人评价,迪士尼和皮克斯拿错剧本的产物。
192,芙蓉镇,  Hibiscus Town,可播放,"导演:,谢晋,Jin,Xie","主演:,刘晓庆,Xiaoqing,Liu,/,姜文,Wen,Jiang,/,郑在石...",1987,中国大陆,"爱情,剧情",9.3,197620人评价,暂无引言
193,魔女宅急便,  魔女琪琪(台)    小魔女限时专送,未知,"导演:,宫崎骏,Hayao,Miyazaki","主演:,高山南,Minami,Takayama,/,佐久间玲,Re...",1989,日本,"冒险,奇幻,动画",8.8,534219人评价,暂无引言
194,牯岭街少年杀人事件,  A Brighter Summer Day,未知,"导演:,杨德昌,Edward,Yang","主演:,张震,Chen,Chang,/,杨静怡,Lisa,Yang,/,张...",1991,中国台湾,"犯罪,剧情",8.9,380047人评价,暂无引言
195,小偷家族,  Shoplifters    Une Affaire de Famille,可播放,"导演:,是枝裕和,Hirokazu,Koreeda","主演:,中川雅也,Lily,Franky,/,安藤樱,Sa...",2018,日本,"家庭,犯罪,剧情",8.7,906206人评价,我们组成了家。
196,卢旺达饭店,  卢安达饭店(台),可播放,"导演:,特瑞·乔治,Terry,George","主演:,唐·钱德尔,Don,Cheadle,/,苏菲·奥...",2004,"美国,意大利,南非,英国","战争,历史,传记,剧情",8.9,373589人评价,当这个世界闭上双眼，他却敞开了怀抱。
197,东京教父,  Tokyo Godfathers,可播放,"导演:,今敏,Satoshi,Kon","主演:,江守彻,Toru,Emori,/,梅垣义明,Yoshiaki,Ume...",2003,日本,"动画,喜剧,剧情",9.0,298755人评价,暂无引言
198,冰川时代,  冰河世纪    冰原历险记,可播放,导演数据异常,主演数据异常,发布年份数据异常,国家数据异常,电影类型数据异常,8.7,695610人评价,暂无引言
199,忠犬八公物语,  八千公物语    阿八的故事,未知,"导演:,神山征二郎,Seijirô,Kôyama","主演:,仲代达矢,Tatsuya,Nakadai,/...",1987,日本,剧情,9.2,222517人评价,暂无引言
200,岁月神偷,  1969太空漫游    Echoes Of The Rainbow,可播放,"导演:,罗启锐,Alex,Law","主演:,吴君如,Sandra,Ng,/,任达华,Simon,Yam,/,钟绍...",2010,"中国大陆,中国香港","家庭,剧情",8.7,618358人评价,岁月流逝，来日可追。
201,遗愿清单,  玩转身前事(港)    一路玩到挂(台),可播放,"导演:,罗伯·莱纳,Rob,Reiner","主演:,杰克·尼科尔森,Jack,Nicholson,/,摩根...",2007,美国,"剧情,喜剧,冒险",8.7,551442人评价,用剩余不多的时间，去燃烧整个生命。
202,白日梦想家,  发梦王大历险(港)    白日梦冒险王(台),可播放,"导演:,本·斯蒂勒,Ben,Stiller","主演:,本·斯蒂勒,Ben,Stiller,/,克里斯汀·...",2013,"英国,美国","冒险,喜剧,剧情",8.6,671027人评价,暂无引言
203,大佛普拉斯,  The Great Buddha+,未知,"导演:,黄信尧,Hsin-yao,Huang","主演:,庄益增,Yizeng,Zhuang,/,陈竹昇,Chu-sh...",2017,中国台湾,"喜剧,剧情",8.7,566581人评价,人们可以登上月球，却永远无法探索人们内心的宇宙。
204,花束般的恋爱,  她和他的恋爱花期(港)    爱如花束 恋恋不忘,可播放,"导演:,土井裕泰,Nobuhiro,Doi","主演:,菅田将晖,Masaki,Suda,/,有村架纯,Kasu...",2021,日本,"爱情,剧情",8.6,852974人评价,暂无引言
205,爱乐之城,  星声梦里人(港)    乐来越爱你(台),可播放,"导演:,达米恩·查泽雷,Damien,Chazelle","主演:,瑞恩·高斯林,Ryan,Gosling,/...",2016,美国,"歌舞,爱情,剧情",8.4,1148347人评价,暂无引言
206,源代码,  启动原始码(台)    危机解密(港),可播放,"导演:,邓肯·琼斯,Duncan,Jones","主演:,杰克·吉伦哈尔,Jake,Gyllenhaal,/,...",2011,"加拿大,美国","惊悚,悬疑,科幻",8.6,941810人评价,邓肯·琼斯继《月球》之后再度奉献出一部精彩绝伦的科幻佳作。
207,荒蛮故事,  蛮荒故事    生命中最抓狂的小事(台),可播放,"导演:,达米安·斯兹弗隆,Damián,Szifron","主演:,达里奥·葛兰帝内提,Darío...",2014,"西班牙,阿根廷","犯罪,喜剧,剧情",8.7,527304人评价,始于荒诞，止于更荒诞。
208,疯狂的麦克斯4：狂暴之路,  末日先锋：战甲飞车(港)    疯狂麦斯：愤怒道(台),可播放,"导演:,乔治·米勒,George,Miller","主演:,汤姆·哈迪,Tom,Hardy,/,查理兹·塞...",2015,"美国,澳大利亚","冒险,科幻,动作",8.7,628996人评价,“多么美好的一天！”轰轰轰砰咚，啪哒哒哒轰隆隆，磅~
209,可可西里,  Kekexili: Mountain Patrol,可播放,"导演:,陆川,Chuan,Lu","主演:,多布杰,Duobujie,/,张磊,Lei,Zhang,/,亓亮,Qi,L...",2004,"中国香港,中国大陆","犯罪,剧情",8.9,352566人评价,坚硬的信仰。
210,你看起来好像很好吃,  你看起来很好吃(台)    你看上去好像很好吃,可播放,"导演:,藤森雅也,Masaya,Fujimori","主演:,山口胜平,Kappei,Yamaguchi,/,爱河...",2010,日本,"儿童,动画,剧情",8.9,382358人评价,感情不分食草或者食肉。
211,波西米亚狂想曲,  波希米亚狂想曲：摇滚传说(港)    波希米亚狂想曲(台),可播放,"导演:,布莱恩·辛格,Bryan,Singer","主演:,拉米·马雷克,Rami,Malek,/,本·哈...",2018,"美国,英国","音乐,同性,传记,剧情",8.6,702553人评价,暂无引言
212,贫民窟的百万富翁,  一百万零一夜(港)    贫民百万富翁(台),可播放,"导演:,丹尼·鲍尔,Danny,Boyle,/,洛芙琳·坦丹,Loveleen,Tandan","主演:,戴夫...",2008,英国,"爱情,剧情",8.6,815081人评价,上帝之城+猜火车+阿甘正传+开心辞典=山寨富翁
213,城市之光,  City Lights: A Comedy Romance in Pantomime    Lichter der Großstadt,可播放,"导演:,查理·卓别林,Charles,Chaplin","主演:,查理·卓别林,Charles,Chaplin,...",1931,美国,"爱情,剧情,喜剧",9.3,177017人评价,暂无引言
214,大红灯笼高高挂,  Raise The Red Lantern    Épouses et concubines,可播放,"导演:,张艺谋,Yimou,Zhang","主演:,巩俐,Li,Gong,/,马精武,Jingwu,Ma,/,何赛...",1991,"中国台湾,中国香港,中国大陆",剧情,8.8,386577人评价,暂无引言
215,哈利·波特与死亡圣器(上),  哈利波特7：死神的圣物1(港  台) ,可播放,"导演:,大卫·叶茨,David,Yates","主演:,丹尼尔·雷德克里夫,Daniel,Radcliffe...",2010,"美国,英国","冒险,奇幻",8.6,711611人评价,最忠于原著的一部。
216,无耻混蛋,  希魔撞正杀人狂(港)    恶棍特工(台),可播放,"导演:,昆汀·塔伦蒂诺,Quentin,Tarantino","主演:,布拉德·皮特,Brad,Pitt,/,...",2009,"美国,德国","犯罪,剧情",8.7,575572人评价,昆汀同学越来越变态了，比北野武还杜琪峰。
217,爆裂鼓手,  鼓动真我(港)    进击的鼓手(台),可播放,"导演:,达米恩·查泽雷,Damien,Chazelle","主演:,迈尔斯·特勒,Miles,Teller,/...",2014,美国,"音乐,剧情",8.6,704424人评价,这个世界从不善待努力的人，努力了也不一定会成功，但是知道自己在努力，就是活下去的动力。
218,终结者2：审判日,  未来战士2(港)    魔鬼终结者2(台),可播放,"导演:,詹姆斯·卡梅隆,James,Cameron","主演:,阿诺·施瓦辛格,Arnold,Schwarz...",1991,"法国,美国","科幻,动作",8.8,394414人评价,暂无引言
219,青蛇,  Green Snake,可播放,"导演:,徐克,Hark,Tsui","主演:,张曼玉,Maggie,Cheung,/,王祖贤,Joey,Wang,/,...",1993,"中国大陆,中国香港","古装,奇幻,爱情,剧情",8.6,610138人评价,暂无引言
220,东邪西毒,  Ashes of Time,可播放,"导演:,王家卫,Kar,Wai,Wong","主演:,张国荣,Leslie,Cheung,/,林青霞,Brigitte...",1994,"中国台湾,中国香港","古装,武侠,爱情,动作,剧情",8.6,643526人评价,暂无引言
221,黑天鹅,  夺命黑天鹅    霸王别鹅(豆友译名),可播放,"导演:,达伦·阿罗诺夫斯基,Darren,Aronofsky","主演:,娜塔莉·波特曼,Natalie...",2010,美国,"惊悚,剧情",8.6,857393人评价,黑暗之美。
222,新龙门客栈,  New Dragon Gate Inn,可播放,"导演:,李惠民,Raymond,Lee","主演:,张曼玉,Maggie,Cheung,/,林青霞,Brigitte,...",1992,"中国大陆,中国香港","古装,武侠,爱情,动作",8.7,519843人评价,暂无引言
223,初恋这件小事,  初恋那件小事(港)    暗恋那点小事,可播放,导演数据异常,主演数据异常,发布年份数据异常,国家数据异常,电影类型数据异常,8.5,1062663人评价,黑小鸭速效美白记。
224,千钧一发,  变种异煞(港)    自然人,可播放,"导演:,安德鲁·尼科尔,Andrew,Niccol","主演:,伊桑·霍克,Ethan,Hawke,/,乌玛...",1997,美国,"惊悚,科幻,剧情",8.8,360758人评价,暂无引言
225,人工智能,  AI人工智慧,可播放,"导演:,史蒂文·斯皮尔伯格,Steven,Spielberg","主演:,海利·乔·奥斯蒙,Haley...",2001,美国,"科幻,剧情",8.7,513038人评价,暂无引言
226,崖上的波妞,  悬崖上的金鱼姬    悬崖上的金鱼公主,可播放,"导演:,宫崎骏,Hayao,Miyazaki","主演:,奈良柚莉爱,Yuria,Nara,/,土井洋辉,Hir...",2008,日本,"冒险,奇幻,动画",8.6,586611人评价,暂无引言
227,虎口脱险,  横冲直撞出重围(港)    大進擊(台),可播放,"导演:,杰拉尔·乌里,Gérard,Oury","主演:,路易·德·菲耐斯,Louis,de,Funès...",1966,"英国,法国","战争,喜剧",8.9,302495人评价,暂无引言
228,彗星来的那一夜,  相干性    相干效应,可播放,"导演:,詹姆斯·沃德·布柯特,James,Ward,Byrkit","主演:,艾米丽·芭尔多尼,Em...",2013,"英国,美国","惊悚,悬疑,科幻",8.6,703466人评价,小成本大魅力。
229,哈利·波特与凤凰社,  哈利波特5：凤凰会的密令(港  台) ,可播放,"导演:,大卫·叶茨,David,Yates","主演:,丹尼尔·雷德克里夫,Daniel,Radcliffe...",2007,"美国,英国","冒险,奇幻",8.6,712065人评价,暂无引言
230,雨人,  手足情未了(港)    手足情深,可播放,"导演:,巴瑞·莱文森,Barry,Levinson","主演:,达斯汀·霍夫曼,Dustin,Hoffman,...",1988,美国,剧情,8.7,448865人评价,暂无引言
231,海边的曼彻斯特,  情系海边之城(港),可播放,"导演:,肯尼斯·罗纳根,Kenneth,Lonergan","主演:,卡西·阿弗莱克,Casey,Affle...",2016,美国,"家庭,剧情",8.6,669393人评价,我们都有权利不与自己的过去和解。
232,罗生门,  Rashomon,可播放,"导演:,黑泽明,Akira,Kurosawa","主演:,三船敏郎,Toshirô,Mifune,/,京町子,...",1950,日本,"悬疑,犯罪,剧情",8.8,365010人评价,暂无引言
233,火星救援,  火星任务(港)    绝地救援(台),可播放,"导演:,雷德利·斯科特,Ridley,Scott","主演:,马特·达蒙,Matt,Damon,/,杰西卡...",2015,"约旦,匈牙利,美国,英国","冒险,科幻,剧情",8.5,857929人评价,暂无引言
234,恋恋笔记本,  忘了·忘不了(港)    手札情缘(台),可播放,"导演:,尼克·卡索维茨,Nick,Cassavetes","主演:,瑞恩·高斯林,Ryan,Gosling,/...",2004,美国,"爱情,剧情",8.5,761612人评价,爱情没有那么多借口，如果不能圆满，只能说明爱的不够。 
235,冰雪奇缘,  魔雪奇缘(港)    冰雪大冒险,可播放,"导演:,克里斯·巴克,Chris,Buck,/,珍妮弗·李,Jennifer,Lee","主演:,克里斯汀...",2013,美国,"歌舞,奇幻,动画,喜剧",8.5,854095人评价,暂无引言
236,真爱至上,  真的恋爱了(港)    爱是您，爱是我(台),可播放,"导演:,理查德·柯蒂斯,Richard,Curtis","主演:,休·格兰特,Hugh,Grant,/,连姆...",2003,"法国,美国,英国","爱情,剧情,喜剧",8.5,816601人评价,暂无引言
237,黑客帝国2：重装上阵,  22世纪杀人网络2：决战未来(港)    骇客任务：重装上阵(台),可播放,导演数据异常,主演数据异常,发布年份数据异常,国家数据异常,电影类型数据异常,8.7,463977人评价,暂无引言
238,步履不停,  横山家之味(港  台) ,可播放,"导演:,是枝裕和,Hirokazu,Koreeda","主演:,阿部宽,Hiroshi,Abe,/,夏川结衣,Yu...",2008,日本,"家庭,剧情",8.8,335702人评价,日本的家庭电影已经是世界巅峰了，步履不停是巅峰中的佳作。
239,蜘蛛侠：平行宇宙,  蜘蛛侠：新纪元    蜘蛛人：新宇宙(台),可播放,导演数据异常,主演数据异常,发布年份数据异常,国家数据异常,电影类型数据异常,8.6,773138人评价,暂无引言
240,千年女优,  Millennium Actress,未知,"导演:,今敏,Satoshi,Kon","主演:,庄司美代子,Miyoko,Shôji,/,小山茉美,Mam...",2001,日本,"爱情,剧情,动画",8.8,324747人评价,暂无引言
241,谍影重重2,  叛谍追击2：机密圈套(港)    神鬼认证：神鬼疑云(台),可播放,"导演:,保罗·格林格拉斯,Paul,Greengrass","主演:,马特·达蒙,Matt,Damon,/,...",2004,"德国,美国","惊悚,悬疑,动作",8.7,409014人评价,谁说王家卫镜头很晃？
242,奇迹男孩,  奇迹,可播放,"导演:,斯蒂芬·卓博斯基,Stephen,Chbosky","主演:,雅各布·特伦布莱,Jacob,Tr...",2017,"中国香港,美国","家庭,儿童,剧情",8.6,608101人评价,世界不完美，爱会有奇迹。
243,战争之王,  军火之王(台  港) ,可播放,"导演:,安德鲁·尼科尔,Andrew,Niccol","主演:,尼古拉斯·凯奇,Nicolas,Cage,/...",2005,"德国,美国","犯罪,剧情",8.7,422483人评价,做一颗让别人需要你的棋子。
244,攻壳机动队,  Ghost in the Shell,未知,"导演:,押井守,Mamoru,Oshii","主演:,田中敦子,Atsuko,Tanaka,/,大冢明夫,Akio...",1995,日本,"动画,科幻,动作",9.0,225523人评价,暂无引言
245,血钻,  血钻石(台)    血腥钻石,可播放,"导演:,爱德华·兹威克,Edward,Zwick","主演:,莱昂纳多·迪卡普里奥,Leonardo,...",2006,"英国,德国,美国","冒险,惊悚,剧情",8.7,428453人评价,每个美丽事物背后都是滴血的现实。
246,小姐,  下女诱罪(港)    下女的诱惑(台),未知,"导演:,朴赞郁,Chan-wook,Park","主演:,金敏喜,Min-hee,Kim,/,金泰梨,Tae-ri,K...",2016,韩国,"同性,情色,悬疑,剧情",8.6,593593人评价,暂无引言
247,血观音,"  修罗花    The Bold, the Corrupt, and the Beautiful",未知,"导演:,杨雅喆,Ya-che,Yang","主演:,惠英红,Kara,Wai,Ying,Hung,/,吴可熙,Wu,K...",2017,中国台湾,"悬疑,剧情",8.6,583309人评价,暂无引言
248,隐藏人物,  NASA无名英雌(港)    关键少数(台),可播放,"导演:,特奥多尔·梅尔菲,Theodore,Melfi","主演:,塔拉吉·P·汉森,Taraji,P.,...",2016,美国,"历史,传记,剧情",8.9,280550人评价,暂无引言
249,魂断蓝桥,  滑铁卢桥    断桥残梦,可播放,"导演:,茂文·勒鲁瓦,Mervyn,LeRoy","主演:,费雯·丽,Vivien,Leigh,/,罗伯特·...",1940,美国,"战争,爱情,剧情",8.8,315466人评价,暂无引言
250,房间,  不存在的房间(台)    抖室(港),可播放,"导演:,伦尼·阿伯拉罕森,Lenny,Abrahamson","主演:,布丽·拉尔森,Brie,Larson...",2015,"美国,英国,加拿大,爱尔兰","家庭,剧情",8.7,404811人评价,被偷走的岁月，被伤害的生命，被禁锢的灵魂，终将被希望和善意救赎。
